0-1 correctness,avg f1 score,mean log prob,perplexity,dataset_size,total answer tokens,num log probs,top-1 accuracy,top-5 accuracy,top-10 accuracy,args/model,args/intervention,args/dataset,args/rate,args/lname,args/lnum,args/prop_data,args/batch_size,args/k,Frobenius_ratio
23.07692307692308,,-5.472318143569506,238.0112981038893,65,65.0,65,23.07692307692308,40.0,40.0,roberta,mm,counterfact,0.9,fc_in,5,0.001,256,10,71.03958129882812
23.07692307692308,,-5.472318143569506,238.0112981038893,65,65.0,65,23.07692307692308,40.0,40.0,roberta,mm,counterfact,0.9,fc_in,5,0.001,256,10,71.03958129882812
23.07692307692308,,-5.472318143569506,238.0112981038893,65,65.0,65,23.07692307692308,40.0,40.0,roberta,mm,counterfact,0.9,fc_in,5,0.001,256,10,71.03958129882812
23.076923076923077,,-5.477884172476255,239.33976959488487,65,65.0,65,23.076923076923077,40.0,41.53846153846154,roberta,mm,counterfact,0.9,fc_in,5,0.001,256,10,92.92757415771484
